,,,,,,,,,,,,,,,,,,,,,,,
souls_soul_bat,"Bat",,,,,,,,,,,,,,,,,,,,,,
souls_soul_fly,"Fly",,,,,,,,,,,,,,,,,,,,,,
souls_soul_friendly,"Peaceful",,,,,,,,,,,,,,,,,,,,,,
souls_soul_mage,"Mage",,,,,,,,,,,,,,,,,,,,,,
souls_soul_orcs,"Hiisi",,,,,,,,,,,,,,,,,,,,,,
souls_soul_slimes,"Slime",,,,,,,,,,,,,,,,,,,,,,
souls_soul_spider,"Spider",,,,,,,,,,,,,,,,,,,,,,
souls_soul_zombie,"Zombie",,,,,,,,,,,,,,,,,,,,,,
souls_soul_worm,"Worm",,,,,,,,,,,,,,,,,,,,,,
souls_soul_fungus,"Fungus",,,,,,,,,,,,,,,,,,,,,,
souls_soul_ghost,"Ghostly",,,,,,,,,,,,,,,,,,,,,,
souls_soul_souls_void,"Void",,,,,,,,,,,,,,,,,,,,,,
souls_soul_boss,"Boss",,,,,,,,,,,,,,,,,,,,,,
souls_soul_mage_corrupted,"Corrupted Mage",,,,,,,,,,,,,,,,,,,,,,
souls_soul_ghost_whisp,"Whisp",,,,,,,,,,,,,,,,,,,,,,